{"cameraMode":{"drawMode":2,"name":"Shaded Wireframe","section":"Shading Mode"},"sceneLighting":true,"audioPlay":false,"sceneViewState":{"showFog":true,"showMaterialUpdate":true,"showSkybox":true,"showFlares":true,"showImageEffects":true,"showParticleSystems":true},"in2DMode":false,"pivot":{"x":-5.2161102294921879,"y":-1042.5,"z":-2.9977645874023439},"rotation":{"x":0.4475456774234772,"y":0.03486035391688347,"z":-0.01746336929500103,"w":0.8934152126312256},"size":123.78052520751953,"orthographic":false}